{
  "test_accuracy": 0.8560000061988831,
  "confusion_matrix": [
    [
      107,
      1,
      9,
      0,
      33
    ],
    [
      2,
      147,
      0,
      0,
      1
    ],
    [
      12,
      0,
      127,
      5,
      6
    ],
    [
      3,
      1,
      15,
      128,
      3
    ],
    [
      3,
      0,
      14,
      0,
      133
    ]
  ],
  "class_names": [
    "PLANET_TRANSIT",
    "ECLIPSING_BINARY",
    "STELLAR_VARIABILITY",
    "STARSPOT_ACTIVITY",
    "INSTRUMENT_NOISE"
  ],
  "per_class_precision": [
    0.84251968503937,
    0.9865771812080537,
    0.7696969696969697,
    0.9624060150375939,
    0.7556818181818182
  ],
  "per_class_recall": [
    0.7133333333333334,
    0.98,
    0.8466666666666667,
    0.8533333333333334,
    0.8866666666666667
  ],
  "per_class_f1": [
    0.7725631768953068,
    0.9832775919732442,
    0.8063492063492064,
    0.9045936395759717,
    0.8159509202453988
  ],
  "macro_f1": 0.8565469070078257,
  "calibration_temperature": 1.0831916332244873,
  "best_val_loss": 0.36747001886367797,
  "n_train": 3500,
  "n_val": 750,
  "n_test": 750
}