{
  "aux_mean": [
    62.37859344482422,
    62.37859344482422,
    2.8138842582702637,
    6.269209384918213,
    0.2198925018310547,
    0.0718882754445076,
    1.907124400138855,
    7.137910842895508,
    3.5720956325531006,
    18.457143783569336
  ],
  "aux_std": [
    73.45392608642578,
    73.45392608642578,
    5.1271891593933105,
    15.46883487701416,
    0.23008909821510315,
    0.12529756128787994,
    1.466581106185913,
    7.831787586212158,
    0.8542880415916443,
    26.13918685913086
  ],
  "aux_feature_names": [
    "snr",
    "bls_power",
    "odd_even_depth_diff_sigma",
    "secondary_eclipse_sig_sigma",
    "transit_shape_score",
    "duration_period_ratio",
    "in_transit_std_ratio",
    "periodicity_strength",
    "log_depth_ppm",
    "n_transits_observed"
  ]
}